{"loss": [1.3764722347259521, 0.4560168385505676, 0.2784808874130249, 0.18633119761943817, 0.14140598475933075, 0.11121507734060287, 0.08714213222265244, 0.07624537497758865, 0.06324226409196854, 0.05889597907662392, 0.04799292981624603, 0.04597320407629013, 0.04243558645248413, 0.04028598219156265, 0.03520315885543823, 0.033833034336566925, 0.030401933938264847, 0.03050200082361698, 0.027651477605104446, 0.0276777446269989, 0.025325320661067963, 0.024616165086627007, 0.023457476869225502, 0.02273506298661232, 0.022446293383836746, 0.020765380933880806, 0.02103932574391365, 0.019145887345075607, 0.01961454004049301, 0.019035901874303818, 0.01678808592259884, 0.018376866355538368, 0.02067713439464569, 0.015121744945645332, 0.01821841672062874, 0.01456429436802864, 0.017708277329802513, 0.016326308250427246, 0.012536038644611835, 0.01547892764210701, 0.015887057408690453, 0.012468989938497543, 0.013534123077988625, 0.01405295915901661, 0.01625639945268631, 0.010936969891190529, 0.016113415360450745, 0.011612811125814915, 0.013893963769078255, 0.01215292513370514], "accuracy": [0.5966854095458984, 0.8562344312667847, 0.9092111587524414, 0.9392133355140686, 0.9543495178222656, 0.9626715779304504, 0.9715484976768494, 0.9755459427833557, 0.9794579744338989, 0.9810370802879333, 0.984565019607544, 0.9852905869483948, 0.9864712953567505, 0.9874671101570129, 0.9890177249908447, 0.9889892339706421, 0.9907532334327698, 0.9906110167503357, 0.9912084937095642, 0.9914645552635193, 0.9923323392868042, 0.9922611713409424, 0.9924176931381226, 0.9929582476615906, 0.9931858777999878, 0.9938687086105347, 0.9938544631004333, 0.994238555431366, 0.9942670464515686, 0.9945799708366394, 0.9949213862419128, 0.9942528009414673, 0.993954062461853, 0.9958176016807556, 0.9948787093162537, 0.9957607388496399, 0.9943950772285461, 0.9950352311134338, 0.9966142773628235, 0.9953339695930481, 0.9954761862754822, 0.9963866472244263, 0.996087908744812, 0.9958745241165161, 0.9951490163803101, 0.9966569542884827, 0.995618462562561, 0.996557354927063, 0.9964150786399841, 0.9964720010757446], "val_loss": [0.5774405598640442, 0.2798382043838501, 0.2212800830602646, 0.1761382669210434, 0.15258434414863586, 0.14002388715744019, 0.127018004655838, 0.14943218231201172, 0.163196861743927, 0.147396519780159, 0.1400976926088333, 0.11536023765802383, 0.11833153665065765, 0.10802590847015381, 0.12042507529258728, 0.12499302625656128, 0.09862768650054932, 0.08189761638641357, 0.08908354490995407, 0.10341324657201767, 0.11151479929685593, 0.099878691136837, 0.14620861411094666, 0.07189253717660904, 0.08498912304639816, 0.09192061424255371, 0.0728517472743988, 0.07003125548362732, 0.07974714785814285, 0.11013398319482803, 0.07313496619462967, 0.13835042715072632, 0.1322951316833496, 0.08247493952512741, 0.09269443899393082, 0.09521429985761642, 0.10209033638238907, 0.08864424377679825, 0.12630203366279602, 0.08075147122144699, 0.0704147145152092, 0.11849436908960342, 0.07645586878061295, 0.09620417654514313, 0.09898437559604645, 0.09081290662288666, 0.06775955855846405, 0.10787827521562576, 0.08297066390514374, 0.06554467231035233], "val_accuracy": [0.824834942817688, 0.910141110420227, 0.9286933541297913, 0.9411563873291016, 0.950717031955719, 0.9572615623474121, 0.9613589644432068, 0.9552697539329529, 0.9524242877960205, 0.9563510417938232, 0.9605622291564941, 0.9666514992713928, 0.9662531018257141, 0.9712610840797424, 0.9676758646965027, 0.9680172801017761, 0.9745618104934692, 0.9792283177375793, 0.975984513759613, 0.9730252623558044, 0.9705212712287903, 0.9744479656219482, 0.9619280695915222, 0.9825859069824219, 0.9783746600151062, 0.9784315824508667, 0.9795697927474976, 0.981789231300354, 0.9809355735778809, 0.974220335483551, 0.9836671948432922, 0.9693831205368042, 0.9689847230911255, 0.9791713953018188, 0.9783177971839905, 0.9786592125892639, 0.977862536907196, 0.9776917695999146, 0.9751877784729004, 0.9820168614387512, 0.9823014140129089, 0.9754154086112976, 0.9825859069824219, 0.9768950343132019, 0.978147029876709, 0.980025053024292, 0.9853175282478333, 0.9747894406318665, 0.9809924960136414, 0.983325719833374]}